report_date,station_name,instruments_mk_3,instruments_mk_4,instruments_imdgps,instruments_fgps,instruments_others,balloons_pr875,balloons_chinese,balloons_others,thread,batteries,targets,chemicals_caustic_soda,chemicals_ferro_silicon
2026-09-09,AGARTALA,0,0,0,0,0,0,0,0,0,0,0,0,0
2026-09-09,AHMEDABAD,0,0,0,0,0,0,0,0,0,0,0,0,0
2026-09-09,AMINIDIVI,0,0,0,0,0,0,0,0,0,0,0,0,0
2026-09-09,BANGALORE,0,0,0,0,0,0,0,0,0,0,0,0,0
2026-09-09,BHUBANESWAR,0,0,0,0,1060,0,0,241,0,0,0,0,0
2026-09-09,BHUJ,0,0,0,0,688,0,0,551,0,0,0,0,0
2026-09-09,CHENNAI,0,0,0,0,1023,0,0,75,49,0,0,0,0
2026-09-09,CHIKALTHANA,0,0,0,0,0,0,0,0,0,0,0,0,0
2026-09-09,DEHRADUN,0,0,0,0,0,0,0,0,0,0,0,0,0
2026-09-09,DELHI,0,0,749,0,0,104,0,0,0,260,0,550,330
2026-09-09,DIMAPUR,0,0,0,0,0,0,0,0,0,0,0,0,0
2026-09-09,GADAG,0,0,0,0,0,0,0,0,0,0,0,0,0
2026-09-09,GANGTOK,0,0,0,0,608,0,0,69,0,0,0,0,0
2026-09-09,GOA,0,0,0,0,0,0,0,0,0,0,0,0,0
2026-09-09,GOPALPUR,0,0,0,0,701,0,0,114,0,0,0,0,0
2026-09-09,GORAKHPUR,0,0,0,0,608,0,196,26,0,0,0,0,0
2026-09-09,HYDERABAD,0,0,0,0,0,0,0,0,0,0,0,0,0
2026-09-09,JAGDALPUR,0,0,0,0,0,0,0,0,0,0,0,0,0
2026-09-09,JALPAIGURI,0,0,0,0,0,0,0,0,0,0,0,0,0
2026-09-09,JAMMU,0,0,0,0,0,0,0,0,0,0,0,0,0
2026-09-09,JHARSIGUDA,0,0,0,0,626,0,0,172,0,0,0,0,0
2026-09-09,JODHPUR,0,0,0,0,645,0,0,204,0,0,0,0,0
2026-09-09,KARAIKAL,0,0,0,0,0,0,0,0,0,0,0,0,0
2026-09-09,KAVALI,0,0,0,0,569,0,0,31,2,0,0,0,0
2026-09-09,KOLKATA,0,0,0,0,952,0,0,82,0,0,0,0,0
2026-09-09,LENGPUI,0,0,0,0,0,0,0,0,0,0,0,0,0
2026-09-09,LUCKNOW,0,0,0,0,941,0,0,34,4,0,0,0,0
2026-09-09,MACHILIPATNAM,0,0,0,0,699,0,0,364,0,0,0,289,283
2026-09-09,MANGALORE,0,0,0,0,663,0,0,505,0,0,0,0,0
2026-09-09,MUMBAI,0,0,0,0,0,0,0,0,0,0,0,0,0
2026-09-09,PATIALA,0,0,0,0,61,0,0,276,0,0,0,0,53
2026-09-09,PORTBLAIR,0,0,0,0,0,0,0,0,0,0,0,0,0
2026-09-09,PUNE,0,0,0,0,0,0,0,0,0,0,0,0,0
2026-09-09,RANCHI,0,0,0,0,0,0,0,0,0,0,0,0,0
2026-09-09,RATNAGIRI,0,0,0,0,0,0,0,0,0,0,0,0,0
2026-09-09,SRIGANGANAGAR,0,0,0,0,0,0,0,0,0,0,0,0,0
2026-09-09,SRINAGAR,0,0,0,0,987,0,0,342,0,0,0,0,150
2026-09-09,THIRUVANANTHAPURAM,0,0,0,0,0,0,0,0,0,0,0,0,0
2026-09-09,VISAKHAPATNAM,0,0,0,0,914,0,0,82,1,0,0,0,0
2026-09-10,AGARTALA,0,0,0,0,0,0,0,0,0,0,0,0,0
2026-09-10,BANGALORE,0,0,0,0,0,0,0,0,0,0,0,0,0
2026-09-10,BHUBANESWAR,0,0,0,0,1058,0,0,239,0,0,0,0,0
2026-09-10,CHENNAI,0,0,0,0,1021,0,0,73,49,0,0,0,0
2026-09-10,CHIKALTHANA,0,0,0,0,0,0,0,0,0,0,0,0,0
2026-09-10,DEHRADUN,0,0,0,0,0,0,0,0,0,0,0,0,0
2026-09-10,DELHI,0,0,747,0,0,102,0,0,0,260,0,550,330
2026-09-10,DIMAPUR,0,0,0,0,0,0,0,0,0,0,0,0,0
2026-09-10,GADAG,0,0,0,0,0,0,0,0,0,0,0,0,0
2026-09-10,GANGTOK,0,0,0,0,606,0,0,67,0,0,0,0,0
2026-09-10,GOA,0,0,0,0,0,0,0,0,0,0,0,0,0
2026-09-10,GOPALPUR,0,0,0,0,697,0,0,113,0,0,0,0,0
2026-09-10,GORAKHPUR,0,0,0,0,605,0,196,24,0,0,0,0,0
2026-09-10,GUWAHATI,0,0,0,0,0,0,0,0,0,0,0,0,0
2026-09-10,GWALIOR,0,0,0,0,0,0,0,0,0,0,0,0,0
2026-09-10,HYDERABAD,0,0,0,0,0,0,0,0,0,0,0,0,0
2026-09-10,JAIPUR,0,0,0,0,0,0,0,0,0,0,0,0,0
2026-09-10,JALPAIGURI,0,0,0,0,0,0,0,0,0,0,0,0,0
2026-09-10,JAMMU,0,0,0,0,697,0,0,134,0,0,0,0,0
2026-09-10,JHARSIGUDA,0,0,0,0,624,0,0,170,0,0,0,0,0
2026-09-10,JODHPUR,0,0,0,0,644,0,0,203,0,0,0,36,36
2026-09-10,KARAIKAL,0,0,0,0,0,0,0,0,0,0,0,0,0
2026-09-10,KAVALI,0,0,0,0,567,0,0,29,2,0,0,0,0
2026-09-10,KOCHI,0,0,0,0,685,0,0,61,2,0,0,60,0
2026-09-10,KOLKATA,0,0,0,0,950,0,81,76,0,0,0,0,0
2026-09-10,LUCKNOW,0,0,0,0,935,0,0,30,4,0,0,0,0
2026-09-10,MACHILIPATNAM,0,0,0,0,697,0,0,362,0,0,0,289,283
2026-09-10,MAITRI,0,0,0,0,0,0,0,0,0,0,0,0,0
2026-09-10,MOHANBARI,0,0,0,0,0,0,0,0,0,0,0,0,0
2026-09-10,MUMBAI,0,0,0,0,0,0,0,0,0,0,0,0,0
2026-09-10,PATIALA,0,0,0,0,59,0,0,274,0,0,0,0,53
2026-09-10,PATNA,0,0,0,0,0,0,0,0,0,0,0,0,0
2026-09-10,PUNE,0,0,0,0,0,0,0,0,0,0,0,0,0
2026-09-10,RAIPUR,0,0,0,0,674,0,0,68,0,0,0,0,0
2026-09-10,RANCHI,0,0,0,0,0,0,0,0,0,0,0,0,0
2026-09-10,RATNAGIRI,0,0,0,0,0,0,0,0,0,0,0,0,0
2026-09-10,SRINAGAR,0,0,0,0,985,0,0,28,0,0,0,0,150
2026-09-10,THIRUVANANTHAPURAM,0,0,0,0,0,0,0,0,0,0,0,0,0
2026-09-10,VISAKHAPATNAM,0,0,0,0,912,0,0,80,1,0,0,0,0
